Time,BG,CGM,CHO,insulin,LBGI,HBGI,Risk
2021-01-18 00:00:00,149.02,165.7939493687905,0.0,0.013933333333333336,0.0,2.7552758979034984,2.7552758979034984
2021-01-18 00:03:00,149.01999999999933,161.58202232204695,0.0,0.013933333333333336,0.0,2.7552758979034135,2.7552758979034135
2021-01-18 00:06:00,149.0200000002988,159.23937324662245,0.0,0.013933333333333336,0.0,2.755275897942923,2.755275897942923
2021-01-18 00:09:00,149.02000000371407,157.47270951030134,0.0,0.013933333333333336,0.0,2.755275898393481,2.755275898393481
2021-01-18 00:12:00,149.02000002022487,156.1089502355738,0.0,0.013933333333333336,0.0,2.755275900571683,2.755275900571683
2021-01-18 00:15:00,149.02000007188914,154.97501455537625,0.0,0.013933333333333336,0.0,2.75527590738754,2.75527590738754
2021-01-18 00:18:00,149.02000019652164,153.89782161722894,0.0,0.013933333333333336,0.0,2.755275923829774,2.755275923829774
2021-01-18 00:21:00,149.0200004498227,152.70429058588803,0.0,0.013933333333333336,0.0,2.7552759572467305,2.7552759572467305
2021-01-18 00:24:00,149.0200009060906,151.22134064452325,0.0,0.013933333333333336,0.0,2.7552760174402433,2.7552760174402433
2021-01-18 00:27:00,149.02000165778892,149.31128956144778,0.0,0.013933333333333336,0.0,2.7552761166086497,2.7552761166086497
2021-01-18 00:30:00,149.02000281426118,147.04884652306302,0.0,0.013933333333333336,0.0,2.755276269177171,2.755276269177171
2021-01-18 00:33:00,149.0200044998554,144.82730783254465,0.0,0.013933333333333336,0.0,2.755276491550565,2.755276491550565
2021-01-18 00:36:00,149.02000685167874,143.11076694017203,0.0,0.013933333333333336,0.0,2.755276801816777,2.755276801816777
2021-01-18 00:39:00,149.02001001715547,142.36331730736268,0.0,0.013933333333333336,0.0,2.7552772194249013,2.7552772194249013
2021-01-18 00:42:00,149.0200141515211,142.97394152620524,0.0,0.013933333333333336,0.0,2.755277764854522,2.755277764854522
2021-01-18 00:45:00,149.02001941535067,144.88095692708504,0.0,0.013933333333333336,0.0,2.7552784592896544,2.7552784592896544
2021-01-18 00:48:00,149.02002597219038,147.3466829423464,0.0,0.013933333333333336,0.0,2.7552793243063443,2.7552793243063443
2021-01-18 00:51:00,149.02003398634173,149.48321724986678,0.0,0.013933333333333336,0.0,2.7552803815802447,2.7552803815802447
2021-01-18 00:54:00,149.02004362082766,150.4026575269161,0.0,0.013933333333333336,0.0,2.75528165261838,2.75528165261838
2021-01-18 00:57:00,149.02005503555893,149.3326799441412,0.0,0.013933333333333336,0.0,2.755283158517263,2.755283158517263
2021-01-18 01:00:00,149.02006838570912,146.1944316432974,0.0,0.013933333333333336,0.0,2.755284919748427,2.755284919748427
2021-01-18 01:03:00,149.0200838202984,141.94926622341876,0.0,0.013933333333333336,0.0,2.755286955971697,2.755286955971697
2021-01-18 01:06:00,149.020101480982,137.78969426834107,0.0,0.013933333333333336,0.0,2.7552892858752953,2.7552892858752953
2021-01-18 01:09:00,149.02012150103477,134.90822635385112,0.0,0.013933333333333336,0.0,2.7552919270419367,2.7552919270419367
2021-01-18 01:12:00,149.0201440045219,134.36719464332194,0.0,0.013933333333333336,0.0,2.75529489583938,2.75529489583938
2021-01-18 01:15:00,149.02016910564234,136.4478608696313,0.0,0.013933333333333336,0.0,2.755298207333828,2.755298207333828
2021-01-18 01:18:00,149.02019690823198,140.25988112419157,0.0,0.013933333333333336,0.0,2.7553018752244407,2.7553018752244407
2021-01-18 01:21:00,149.0202275054133,144.65255468086585,0.0,0.013933333333333336,0.0,2.755305911796992,2.755305911796992
2021-01-18 01:24:00,149.02026097937647,148.47518080265309,0.0,0.013933333333333336,0.0,2.755310327895165,2.755310327895165
2021-01-18 01:27:00,149.02029740127952,150.68368951305533,0.0,0.013933333333333336,0.0,2.755315132907236,2.755315132907236
2021-01-18 01:30:00,149.0203368312529,150.87379545358033,0.0,0.013933333333333336,0.0,2.755320334766727,2.755320334766727
2021-01-18 01:33:00,149.02037931849736,149.60089019832787,0.0,0.013933333333333336,0.0,2.7553259399653616,2.7553259399653616
2021-01-18 01:36:00,149.02042490146204,147.63362685359675,0.0,0.013933333333333336,0.0,2.755331953576512,2.755331953576512
2021-01-18 01:39:00,149.02047360809212,145.74065851509658,0.0,0.013933333333333336,0.0,2.7553383792878487,2.7553383792878487
2021-01-18 01:42:00,149.02052545613543,144.6243943924332,0.0,0.013933333333333336,0.0,2.755345219441839,2.755345219441839
2021-01-18 01:45:00,149.02058045349864,144.58978043043834,0.0,0.013933333333333336,0.0,2.755352475082703,2.755352475082703
2021-01-18 01:48:00,149.02063859864415,145.34556768214702,0.0,0.013933333333333336,0.0,2.7553601460087913,2.7553601460087913
2021-01-18 01:51:00,149.02069988101974,146.4680194398309,0.0,0.013933333333333336,0.0,2.7553682308292253,2.7553682308292253
2021-01-18 01:54:00,149.02076428151327,147.5333989870494,0.0,0.013933333333333336,0.0,2.7553767270238976,2.7553767270238976
2021-01-18 01:57:00,149.02083177292695,148.1559368131856,0.0,0.013933333333333336,0.0,2.7553856310060514,2.7553856310060514
2021-01-18 02:00:00,149.02090232046416,148.1776666842705,0.0,0.013933333333333336,0.0,2.7553949381864777,2.7553949381864777
2021-01-18 02:03:00,149.02097588222463,147.78232728568014,0.0,0.013933333333333336,0.0,2.7554046430388346,2.7554046430388346
2021-01-18 02:06:00,149.0210524097026,147.22959172415543,0.0,0.013933333333333336,0.0,2.7554147391653574,2.7554147391653574
2021-01-18 02:09:00,149.02113184828465,146.77913310016356,0.0,0.013933333333333336,0.0,2.7554252193625666,2.7554252193625666
2021-01-18 02:12:00,149.0212141377431,146.69062450839334,0.0,0.013933333333333336,0.0,2.7554360756862755,2.7554360756862755
2021-01-18 02:15:00,149.02129921272245,147.22373903824374,0.0,0.013933333333333336,0.0,2.755447299515834,2.755447299515834
2021-01-18 02:18:00,149.02138700321598,148.638149774304,0.0,0.013933333333333336,0.0,2.755458881616928,2.755458881616928
2021-01-18 02:21:00,149.02147743503028,151.1935297968224,0.0,0.013933333333333336,0.0,2.7554708122029643,2.7554708122029643
2021-01-18 02:24:00,149.0215704302363,155.14955218216164,0.0,0.013933333333333336,0.0,2.7554830809943995,2.7554830809943995
2021-01-18 02:27:00,149.0216659076051,156.3421676107588,0.0,0.013933333333333336,0.0,2.755495677276414,2.755495677276414
2021-01-18 02:30:00,149.02176378302693,150.47302614459056,0.0,0.013933333333333336,0.0,2.755508589954009,2.755508589954009
2021-01-18 02:33:00,149.02186396991328,146.2130078032552,0.0,0.013933333333333336,0.0,2.755521807605202,2.755521807605202
2021-01-18 02:36:00,149.02196637958062,143.31887584650946,0.0,0.013933333333333336,0.0,2.755535318531501,2.755535318531501
2021-01-18 02:39:00,149.0220709216158,141.54739353225946,0.0,0.013933333333333336,0.0,2.755549110806228,2.755549110806228
2021-01-18 02:42:00,149.02217750422247,140.6553241169133,0.0,0.013933333333333336,0.0,2.7555631723201723,2.7555631723201723
2021-01-18 02:45:00,149.0222860345486,140.39943085571485,0.0,0.013933333333333336,0.0,2.755577490824725,2.755577490824725
2021-01-18 02:48:00,149.022396418995,140.53647700305882,0.0,0.013933333333333336,0.0,2.7555920539726984,2.7555920539726984
2021-01-18 02:51:00,149.02250856350514,140.82322581278655,0.0,0.013933333333333336,0.0,2.7556068493564774,2.7556068493564774
2021-01-18 02:54:00,149.02262237383607,141.01644053846343,0.0,0.013933333333333336,0.0,2.7556218645437425,2.7556218645437425
2021-01-18 02:57:00,149.02273775581142,140.90485491254583,0.0,0.013933333333333336,0.0,2.7556370871109626,2.7556370871109626
2021-01-18 03:00:00,149.0228546155563,140.46902554116227,0.0,0.013933333333333336,0.0,2.7556525046741998,2.7556525046741998
2021-01-18 03:03:00,149.0229728597148,139.977243341061,0.0,0.013933333333333336,0.0,2.755668104917986,2.755668104917986
2021-01-18 03:06:00,149.02309239565082,139.76174018745996,0.0,0.013933333333333336,0.0,2.755683875621667,2.755683875621667
2021-01-18 03:09:00,149.02321313163233,140.15474795642024,0.0,0.013933333333333336,0.0,2.7556998046838377,2.7556998046838377
2021-01-18 03:12:00,149.02333497700005,141.43864548931526,0.0,0.013933333333333336,0.0,2.7557158801444928,2.7557158801444928
2021-01-18 03:15:00,149.02345784232085,143.59669341446508,0.0,0.013933333333333336,0.0,2.755732090205295,2.755732090205295
2021-01-18 03:18:00,149.0235816395271,146.16347504016593,0.0,0.013933333333333336,0.0,2.7557484232479936,2.7557484232479936
2021-01-18 03:21:00,149.02370628204167,148.5738676047538,0.0,0.013933333333333336,0.0,2.7557648678509232,2.7557648678509232
2021-01-18 03:24:00,149.0238316848901,150.26274834813037,0.0,0.013933333333333336,0.0,2.7557814128036933,2.7557814128036933
2021-01-18 03:27:00,149.02395776480034,150.72731818432862,0.0,0.013933333333333336,0.0,2.755798047120531,2.755798047120531
2021-01-18 03:30:00,149.02408444029027,149.83872006391283,0.0,0.013933333333333336,0.0,2.7558147600515897,2.7558147600515897
2021-01-18 03:33:00,149.0242116317445,148.0290099914439,0.0,0.013933333333333336,0.0,2.755831541093344,2.755831541093344
2021-01-18 03:36:00,149.02433926148018,145.8548913183171,0.0,0.013933333333333336,0.0,2.7558483799970985,2.7558483799970985
2021-01-18 03:39:00,149.02446725380327,143.873067397898,0.0,0.013933333333333336,0.0,2.7558652667764583,2.7558652667764583
2021-01-18 03:42:00,149.0245955350551,142.58883874553038,0.0,0.013933333333333336,0.0,2.7558821917134924,2.7558821917134924
2021-01-18 03:45:00,149.0247240336507,142.1990888383664,0.0,0.013933333333333336,0.0,2.755899145363756,2.755899145363756
2021-01-18 03:48:00,149.02485268010827,142.43807559527266,0.0,0.013933333333333336,0.0,2.755916118560267,2.755916118560267
2021-01-18 03:51:00,149.02498140707192,142.93725125715014,0.0,0.013933333333333336,0.0,2.755933102416371,2.755933102416371
2021-01-18 03:54:00,149.02511014932676,143.32806806703596,0.0,0.013933333333333336,0.0,2.7559500883278836,2.7559500883278836
2021-01-18 03:57:00,149.02523884380759,143.2770697521067,0.0,0.013933333333333336,0.0,2.755967067974093,2.755967067974093
2021-01-18 04:00:00,149.02536742960163,142.66134893364423,0.0,0.013933333333333336,0.0,2.7559840333182732,2.7559840333182732
2021-01-18 04:03:00,149.02549584794588,141.6738215730117,0.0,0.013933333333333336,0.0,2.7560009766072375,2.7560009766072375
2021-01-18 04:06:00,149.0256240422188,140.5775865977013,0.0,0.013933333333333336,0.0,2.756017890370241,2.756017890370241
2021-01-18 04:09:00,149.025751957928,139.63574293733868,0.0,0.013933333333333336,0.0,2.75603476741743,2.75603476741743
2021-01-18 04:12:00,149.02587954269333,139.0917457074629,0.0,0.013933333333333336,0.0,2.756051600837577,2.756051600837577
2021-01-18 04:15:00,149.02600674622605,139.07118712848393,0.0,0.013933333333333336,0.0,2.7560683839952875,2.7560683839952875
2021-01-18 04:18:00,149.02613352030463,139.52286507704605,0.0,0.013933333333333336,0.0,2.7560851105279207,2.7560851105279207
2021-01-18 04:21:00,149.02625981874743,140.35628979943337,0.0,0.013933333333333336,0.0,2.7561017743418645,2.7561017743418645
2021-01-18 04:24:00,149.0263855973824,141.48097154394986,0.0,0.013933333333333336,0.0,2.756118369608646,2.756118369608646
2021-01-18 04:27:00,149.0265108140145,142.8041132490265,0.0,0.013933333333333336,0.0,2.7561348907605727,2.7561348907605727
2021-01-18 04:30:00,149.02663542839073,144.21907398388242,0.0,0.013933333333333336,0.0,2.756151332486128,2.756151332486128
2021-01-18 04:33:00,149.0267594021632,145.59844701290578,0.0,0.013933333333333336,0.0,2.7561676897251353,2.7561676897251353
2021-01-18 04:36:00,149.0268826988507,146.81021097864246,0.0,0.013933333333333336,0.0,2.7561839576636684,2.7561839576636684
2021-01-18 04:39:00,149.0270052837986,147.72234452547838,0.0,0.013933333333333336,0.0,2.7562001317287415,2.7562001317287415
2021-01-18 04:42:00,149.02712712413768,148.20282629959854,0.0,0.013933333333333336,0.0,2.756216207582929,2.756216207582929
2021-01-18 04:45:00,149.02724818874194,148.11963494894536,0.0,0.013933333333333336,0.0,2.756232181118773,2.756232181118773
2021-01-18 04:48:00,149.02736844818543,147.3407491231756,0.0,0.013933333333333336,0.0,2.756248048453111,2.756248048453111
2021-01-18 04:51:00,149.02748787469852,145.73414747361716,0.0,0.013933333333333336,0.0,2.756263805921233,2.756263805921233
2021-01-18 04:54:00,149.02760644212395,143.1678086532247,0.0,0.013933333333333336,0.0,2.756279450071217,2.756279450071217
2021-01-18 04:57:00,149.02772412587197,141.65609261110905,0.0,0.013933333333333336,0.0,2.756294977657883,2.756294977657883
2021-01-18 05:00:00,149.0278409028758,143.6749952674475,0.0,0.013933333333333336,0.0,2.756310385637011,2.756310385637011
2021-01-18 05:03:00,149.0279567515469,145.74845062065765,0.0,0.013933333333333336,0.0,2.7563256711594013,2.7563256711594013
2021-01-18 05:06:00,149.02807165173016,147.82077530257266,0.0,0.013933333333333336,0.0,2.756340831564935,2.756340831564935
2021-01-18 05:09:00,149.02818558465938,149.83628594642954,0.0,0.013933333333333336,0.0,2.7563558643768102,2.7563558643768102
2021-01-18 05:12:00,149.0282985329129,151.7392991868246,0.0,0.013933333333333336,0.0,2.7563707672955466,2.7563707672955466
2021-01-18 05:15:00,149.0284104803698,153.47413165966952,0.0,0.013933333333333336,0.0,2.7563855381933076,2.7563855381933076
2021-01-18 05:18:00,149.02852141216627,154.98510000214753,0.0,0.013933333333333336,0.0,2.7564001751081246,2.7564001751081246
2021-01-18 05:21:00,149.02863131465259,156.21652085267033,0.0,0.013933333333333336,0.0,2.756414676238184,2.756414676238184
2021-01-18 05:24:00,149.02874017535072,157.11271085083538,0.0,0.013933333333333336,0.0,2.7564290399363003,2.7564290399363003
2021-01-18 05:27:00,149.02884798291248,157.63334307261348,0.0,0.013933333333333336,0.0,2.7564432647043438,2.7564432647043438
2021-01-18 05:30:00,149.02895472707831,157.83022920645496,0.0,0.013933333333333336,0.0,2.7564573491878415,2.7564573491878415
2021-01-18 05:33:00,149.02906039863694,157.89338885893756,0.0,0.013933333333333336,0.0,2.756471292170599,2.756471292170599
2021-01-18 05:36:00,149.0291649893855,158.04355450811983,0.0,0.013933333333333336,0.0,2.7564850925694855,2.7564850925694855
2021-01-18 05:39:00,149.02926849209086,158.50145863304283,0.0,0.013933333333333336,0.0,2.756498749429368,2.756498749429368
2021-01-18 05:42:00,149.02937090045134,159.45248435545406,0.0,0.013933333333333336,0.0,2.7565122619179627,2.7565122619179627
2021-01-18 05:45:00,149.02947220905958,160.8699186485807,0.0,0.013933333333333336,0.0,2.7565256293210334,2.7565256293210334
2021-01-18 05:48:00,149.02957241336605,162.40890426237942,0.0,0.013933333333333336,0.0,2.756538851037476,2.756538851037476
2021-01-18 05:51:00,149.02967150964363,163.65388523116548,0.0,0.013933333333333336,0.0,2.7565519265747653,2.7565519265747653
2021-01-18 05:54:00,149.02976949495286,164.18930559005332,0.0,0.013933333333333336,0.0,2.756564855544317,2.756564855544317
2021-01-18 05:57:00,149.0298663671082,163.64994202314966,0.0,0.013933333333333336,0.0,2.75657763765696,2.75657763765696
2021-01-18 06:00:00,149.0299621246453,161.97256710465498,0.0,0.013933333333333336,0.0,2.7565902727187623,2.7565902727187623
2021-01-18 06:03:00,149.03005676678893,159.5469472435127,0.0,0.013933333333333336,0.0,2.7566027606267234,2.7566027606267234
2021-01-18 06:06:00,149.030150293422,156.86351414578854,0.0,0.013933333333333336,0.0,2.7566151013646287,2.7566151013646287
2021-01-18 06:09:00,149.0302427050553,154.41269951818623,0.0,0.013933333333333336,0.0,2.7566272949991566,2.7566272949991566
2021-01-18 06:12:00,149.0303340027984,152.63856513439993,0.0,0.013933333333333336,0.0,2.7566393416760477,2.7566393416760477
2021-01-18 06:15:00,149.03042418833112,151.70695316699545,0.0,0.013933333333333336,0.0,2.7566512416162143,2.7566512416162143
2021-01-18 06:18:00,149.03051326387617,151.36637638652863,0.0,0.013933333333333336,0.0,2.7566629951122974,2.7566629951122974
2021-01-18 06:21:00,149.03060123217233,151.27260769684426,0.0,0.013933333333333336,0.0,2.75667460252496,2.75667460252496
2021-01-18 06:24:00,149.03068809644893,151.08142000228614,0.0,0.013933333333333336,0.0,2.756686064279661,2.756686064279661
2021-01-18 06:27:00,149.03077386040076,150.48063870329656,0.0,0.013933333333333336,0.0,2.756697380863293,2.756697380863293
2021-01-18 06:30:00,149.030858528164,149.3504041745156,0.0,0.013933333333333336,0.0,2.7567085528209296,2.7567085528209296
2021-01-18 06:33:00,149.030942104293,147.85932925163172,0.0,0.013933333333333336,0.0,2.7567195807529163,2.7567195807529163
2021-01-18 06:36:00,149.03102459373773,146.24013176198594,0.0,0.013933333333333336,0.0,2.7567304653117897,2.7567304653117897
2021-01-18 06:39:00,149.03110600182225,144.72552953330043,0.0,0.013933333333333336,0.0,2.756741207199425,2.756741207199425
2021-01-18 06:42:00,149.03118633422358,143.53319181460134,0.0,0.013933333333333336,0.0,2.756751807164349,2.756751807164349
2021-01-18 06:45:00,149.03126559695173,142.79049638091726,0.0,0.013933333333333336,0.0,2.7567622659989417,2.7567622659989417
2021-01-18 06:48:00,149.03134379633013,142.48938379609146,0.0,0.013933333333333336,0.0,2.756772584537062,2.756772584537062
2021-01-18 06:51:00,149.03142093897713,142.59169746615572,0.0,0.013933333333333336,0.0,2.7567827636514037,2.7567827636514037
2021-01-18 06:54:00,149.03149703178772,143.05928079742466,0.0,0.013933333333333336,0.0,2.756792804251256,2.756792804251256
2021-01-18 06:57:00,149.0315720819166,143.84840622440436,0.0,0.013933333333333336,0.0,2.756802707280111,2.756802707280111
2021-01-18 07:00:00,149.03164609676116,144.8819203494059,15.0,0.013933333333333336,0.0,2.756812473713539,2.756812473713539
2021-01-18 07:03:00,149.03175297201392,146.0325607041499,0.0,0.43060000000000004,0.0,2.756826576177528,2.756826576177528
2021-01-18 07:06:00,149.03309922269287,147.162700826326,0.0,0.013933333333333336,0.0,2.757004219648078,2.757004219648078
2021-01-18 07:09:00,149.04242900826313,148.13857273134957,0.0,0.013933333333333336,0.0,2.758235438216838,2.758235438216838
2021-01-18 07:12:00,149.07567850003232,148.8344723973467,0.0,0.013933333333333336,0.0,2.762624873685543,2.762624873685543
2021-01-18 07:15:00,149.15720226389448,149.1335258191263,0.0,0.013933333333333336,0.0,2.773397929522974,2.773397929522974
2021-01-18 07:18:00,149.3141007349512,148.92376590467515,0.0,0.013933333333333336,0.0,2.794174106300229,2.794174106300229
2021-01-18 07:21:00,149.57030006050664,148.09196796458087,0.0,0.013933333333333336,0.0,2.8282196952695204,2.8282196952695204
2021-01-18 07:24:00,149.94364843384244,146.51966820447456,0.0,0.013933333333333336,0.0,2.878098262323797,2.878098262323797
2021-01-18 07:27:00,150.44511058954885,145.2717570475765,0.0,0.013933333333333336,0.0,2.945583744157598,2.945583744157598
2021-01-18 07:30:00,151.07908374708214,145.7766334548522,0.0,0.013933333333333336,0.0,3.0316992497520854,3.0316992497520854
2021-01-18 07:33:00,151.8442519913954,146.3068541358203,0.0,0.013933333333333336,0.0,3.1368044741484393,3.1368044741484393
2021-01-18 07:36:00,152.73464176477535,146.8697669918334,0.0,0.013933333333333336,0.0,3.260692944309964,3.260692944309964
2021-01-18 07:39:00,153.7406914090604,147.46877543187296,0.0,0.013933333333333336,0.0,3.402682879601411,3.402682879601411
2021-01-18 07:42:00,154.85023826767127,148.10435626138997,0.0,0.013933333333333336,0.0,3.5616973841788417,3.5616973841788417
2021-01-18 07:45:00,156.0493802621088,148.77496453230515,0.0,0.013933333333333336,0.0,3.736334977865312,3.736334977865312
2021-01-18 07:48:00,157.3231993366899,149.47780339916784,0.0,0.013933333333333336,0.0,3.9249330088352057,3.9249330088352057
2021-01-18 07:51:00,158.6563506869107,150.20945788229974,0.0,0.013933333333333336,0.0,4.125626212708113,4.125626212708113
2021-01-18 07:54:00,160.03352986472393,150.96640219885808,0.0,0.013933333333333336,0.0,4.336401765858617,4.336401765858617
2021-01-18 07:57:00,161.4398331714916,151.74477526099716,0.0,0.013933333333333336,0.0,4.555151254265547,4.555151254265547
2021-01-18 08:00:00,162.861027342712,152.53758061411705,0.0,0.013933333333333336,0.0,4.7797193116014105,4.7797193116014105
2021-01-18 08:03:00,164.2837436876861,153.33304556425935,0.0,0.013933333333333336,0.0,5.007948329639254,5.007948329639254
2021-01-18 08:06:00,165.69561033442912,154.11911268013526,0.0,0.013933333333333336,0.0,5.23771856391363,5.23771856391363
2021-01-18 08:09:00,167.08533448233675,154.88477802155796,0.0,0.013933333333333336,0.0,5.466983063808428,5.466983063808428
2021-01-18 08:12:00,168.4427448215092,155.62582833297142,0.0,0.013933333333333336,0.0,5.693797064485758,5.693797064485758
2021-01-18 08:15:00,169.75880265918303,156.3732716433334,0.0,0.013933333333333336,0.0,5.916341720701915,5.916341720701915
2021-01-18 08:18:00,171.0255888525981,157.21037761650956,0.0,0.013933333333333336,0.0,6.13294229338185,6.13294229338185
2021-01-18 08:21:00,172.2362723974422,158.2328789392253,0.0,0.013933333333333336,0.0,6.342081092292588,6.342081092292588
2021-01-18 08:24:00,173.3850654549323,159.537566949893,0.0,0.013933333333333336,0.0,6.542405620939595,6.542405620939595
2021-01-18 08:27:00,174.4671687020584,161.20123629890847,0.0,0.013933333333333336,0.0,6.732732461948817,6.732732461948817
2021-01-18 08:30:00,175.4787101383296,163.17560695720317,0.0,0.013933333333333336,0.0,6.91204748790521,6.91204748790521
2021-01-18 08:33:00,176.4166798580036,165.2242489226486,0.0,0.013933333333333336,0.0,7.079502992094017,7.079502992094017
2021-01-18 08:36:00,177.2788627800882,167.06954196776832,0.0,0.013933333333333336,0.0,7.2344123148591555,7.2344123148591555
2021-01-18 08:39:00,178.0637709022829,168.4346155406826,0.0,0.013933333333333336,0.0,7.37624250288655,7.37624250288655
2021-01-18 08:42:00,178.7705762946639,169.07669878226022,0.0,0.013933333333333336,0.0,7.5046054880028965,7.5046054880028965
2021-01-18 08:45:00,179.3990457616873,168.954141170942,0.0,0.013933333333333336,0.0,7.619248214977952,7.619248214977952
2021-01-18 08:48:00,179.94947786634728,168.32660067790235,0.0,0.013933333333333336,0.0,7.720042088830223,7.720042088830223
2021-01-18 08:51:00,180.42264281918693,167.5210614807075,0.0,0.013933333333333336,0.0,7.8069720544804,7.8069720544804
2021-01-18 08:54:00,180.81972557988573,166.86494135223882,0.0,0.013933333333333336,0.0,7.880125567418679,7.880125567418679
2021-01-18 08:57:00,181.14227239417036,166.66433491374465,0.0,0.013933333333333336,0.0,7.939681664644076,7.939681664644076
2021-01-18 09:00:00,181.3921408886735,167.0954518858527,0.0,0.013933333333333336,0.0,7.985900301153772,7.985900301153772
2021-01-18 09:03:00,181.5714537668211,168.13946319056217,0.0,0.013933333333333336,0.0,8.01911207889208,8.01911207889208
2021-01-18 09:06:00,181.682556086309,169.7343719505649,0.0,0.013933333333333336,0.0,8.039708462185368,8.039708462185368
2021-01-18 09:09:00,181.7279760502612,171.81837737317582,0.0,0.013933333333333336,0.0,8.048132545957086,8.048132545957086
2021-01-18 09:12:00,181.71038920727202,174.32163982634674,0.0,0.013933333333333336,0.0,8.044870419984752,8.044870419984752
2021-01-18 09:15:00,181.63258592815927,177.12525726969113,0.0,0.013933333333333336,0.0,8.030443153616648,8.030443153616648
2021-01-18 09:18:00,181.497442007659,180.0366408451334,0.0,0.013933333333333336,0.0,8.005399410193068,8.005399410193068
2021-01-18 09:21:00,181.3078922260419,182.84687339986385,0.0,0.013933333333333336,0.0,7.970308688402873,7.970308688402873
2021-01-18 09:24:00,181.06690669751492,185.34708089563546,0.0,0.013933333333333336,0.0,7.925755178484123,7.925755178484123
2021-01-18 09:27:00,180.7774698282807,187.34282742548976,0.0,0.013933333333333336,0.0,7.872332214109355,7.872332214109355
2021-01-18 09:30:00,180.4425617064302,188.72618040947708,0.0,0.013933333333333336,0.0,7.81063729560556,7.81063729560556
2021-01-18 09:33:00,180.06514174773105,189.51894426091042,0.0,0.013933333333333336,0.0,7.741267656506089,7.741267656506089
2021-01-18 09:36:00,179.6481344252721,189.77172697400988,0.0,0.013933333333333336,0.0,7.664816343028495,7.664816343028495
2021-01-18 09:39:00,179.19441691635043,189.53509329395496,0.0,0.013933333333333336,0.0,7.581868774671902,7.581868774671902
2021-01-18 09:42:00,178.706808506539,188.85955354115976,0.0,0.013933333333333336,0.0,7.492999753521384,7.492999753521384
2021-01-18 09:45:00,178.18806159823248,187.79555409065227,0.0,0.013933333333333336,0.0,7.398770889860723,7.398770889860723
2021-01-18 09:48:00,177.64085417886116,186.3934693590979,0.0,0.013933333333333336,0.0,7.299728412185481,7.299728412185481
2021-01-18 09:51:00,177.06778361217496,184.70359516012005,0.0,0.013933333333333336,0.0,7.196401330555659,7.196401330555659
2021-01-18 09:54:00,176.47136162435658,182.7761432968864,0.0,0.013933333333333336,0.0,7.089299923337017,7.089299923337017
2021-01-18 09:57:00,175.8540103650849,181.06448608345534,0.0,0.013933333333333336,0.0,6.978914518673365,6.978914518673365
2021-01-18 10:00:00,175.2180594319242,179.7658365097235,0.0,0.013933333333333336,0.0,6.865714543446443,6.865714543446443
2021-01-18 10:03:00,174.5657437544803,177.67931907878273,0.0,0.013933333333333336,0.0,6.750147813967252,6.750147813967252
2021-01-18 10:06:00,173.8992022425753,175.058235138122,0.0,0.013933333333333336,0.0,6.632640044165138,6.632640044165138
2021-01-18 10:09:00,173.22047711019482,172.15578953977467,0.0,0.013933333333333336,0.0,6.513594548565363,6.513594548565363
2021-01-18 10:12:00,172.53151379413075,169.2250903637289,0.0,0.013933333333333336,0.0,6.393392118854705,6.393392118854705
2021-01-18 10:15:00,171.8341613930475,166.51914918626733,0.0,0.013933333333333336,0.0,6.272391054307414,6.272391054307414
2021-01-18 10:18:00,171.13017355913087,164.29088182326444,0.0,0.013933333333333336,0.0,6.150927327770766,6.150927327770766
2021-01-18 10:21:00,170.42120978053035,162.79310948464973,0.0,0.013933333333333336,0.0,6.029314870279543,6.029314870279543
2021-01-18 10:24:00,169.7088369984763,162.27856028204226,0.0,0.013933333333333336,0.0,5.9078459586801575,5.9078459586801575
2021-01-18 10:27:00,168.99453150824914,162.95538731522367,0.0,0.013933333333333336,0.0,5.786791691891036,5.786791691891036
2021-01-18 10:30:00,168.27968109810612,164.7647521246547,0.0,0.013933333333333336,0.0,5.666402542607038,5.666402542607038
2021-01-18 10:33:00,167.56558738484586,167.2473757977483,0.0,0.013933333333333336,0.0,5.5469089723706215,5.5469089723706215
2021-01-18 10:36:00,166.85346830892007,169.85492746447363,0.0,0.013933333333333336,0.0,5.42852209898305,5.42852209898305
2021-01-18 10:39:00,166.1444607559086,172.03899432145184,0.0,0.013933333333333336,0.0,5.31143440621541,5.31143440621541
2021-01-18 10:42:00,165.43962327476618,173.29719780410556,0.0,0.013933333333333336,0.0,5.195820486704919,5.195820486704919
2021-01-18 10:45:00,164.73993886654753,173.40376377819481,0.0,0.013933333333333336,0.0,5.081837809787667,5.081837809787667
2021-01-18 10:48:00,164.04631782034085,172.54786581607337,0.0,0.013933333333333336,0.0,4.969627506828881,4.969627506828881
2021-01-18 10:51:00,163.35960057589776,171.01083365571267,0.0,0.013933333333333336,0.0,4.8593151673667965,4.8593151673667965
2021-01-18 10:54:00,162.68056059496593,169.0739290996654,0.0,0.013933333333333336,0.0,4.751011640090398,4.751011640090398
2021-01-18 10:57:00,162.0099072256183,167.00288949073584,0.0,0.013933333333333336,0.0,4.644813833326284,4.644813833326284
2021-01-18 11:00:00,161.34828854594943,164.9706336051892,0.0,0.013933333333333336,0.0,4.540805510318732,4.540805510318732
2021-01-18 11:03:00,160.6962941753893,163.01088630057308,0.0,0.013933333333333336,0.0,4.439058075152367,4.439058075152367
2021-01-18 11:06:00,160.05445804358237,161.12639704012685,0.0,0.013933333333333336,0.0,4.339631345689618,4.339631345689618
2021-01-18 11:09:00,159.42326110830888,159.31986141115019,0.0,0.013933333333333336,0.0,4.242574310380777,4.242574310380777
2021-01-18 11:12:00,158.80313401529975,157.6101762721831,0.0,0.013933333333333336,0.0,4.147925866250393,4.147925866250393
2021-01-18 11:15:00,158.194459694028,156.11370470901997,0.0,0.013933333333333336,0.0,4.0557155357770585,4.0557155357770585
2021-01-18 11:18:00,157.59757588466007,155.09303598798277,0.0,0.013933333333333336,0.0,3.9659641607622675,3.9659641607622675
2021-01-18 11:21:00,157.01277759233216,154.8432207604352,0.0,0.013933333333333336,0.0,3.878684571632156,3.878684571632156
2021-01-18 11:24:00,156.4403194657873,155.65926853127624,0.0,0.013933333333333336,0.0,3.793882230934012,3.793882230934012
2021-01-18 11:27:00,155.88041809818165,157.77905020407994,0.0,0.013933333333333336,0.0,3.71155585007997,3.71155585007997
2021-01-18 11:30:00,155.33325424854795,161.09780142060734,0.0,0.013933333333333336,0.0,3.631697978654377,3.631697978654377
2021-01-18 11:33:00,154.79897498300326,164.99682538372724,0.0,0.013933333333333336,0.0,3.5542955658400115,3.5542955658400115
2021-01-18 11:36:00,154.27769573531145,168.7431934167098,0.0,0.013933333333333336,0.0,3.4793304937344445,3.4793304937344445
2021-01-18 11:39:00,153.7695022868652,171.60394653344747,0.0,0.013933333333333336,0.0,3.4067800825211147,3.4067800825211147
2021-01-18 11:42:00,153.27445266654843,172.92150782460834,0.0,0.013933333333333336,0.0,3.3366175676321346,3.3366175676321346
2021-01-18 11:45:00,152.79257897127818,172.49073660259668,0.0,0.013933333333333336,0.0,3.2688125491938207,3.2688125491938207
2021-01-18 11:48:00,152.32388910831455,170.78516154870456,0.0,0.013933333333333336,0.0,3.2033314141792864,3.2033314141792864
2021-01-18 11:51:00,151.86836846067362,168.42910918689546,0.0,0.013933333333333336,0.0,3.1401377318120085,3.1401377318120085
2021-01-18 11:54:00,151.42598147718263,166.04688457971793,0.0,0.013933333333333336,0.0,3.0791926228641087,3.0791926228641087
2021-01-18 11:57:00,150.99667318888714,164.21533825646574,0.0,0.013933333333333336,0.0,3.0204551035808236,3.0204551035808236
2021-01-18 12:00:00,150.58037065365787,163.22669461798597,23.333333333333332,0.013933333333333336,0.0,2.9638824050352013,2.9638824050352013
2021-01-18 12:03:00,150.1770175051529,162.94627873113606,0.0,1.1707750000000001,0.0,2.909434732006646,2.909434732006646
2021-01-18 12:06:00,149.787712905141,163.14530680135542,0.0,0.013933333333333336,0.0,2.8572274553836614,2.8572274553836614
2021-01-18 12:09:00,149.4189855002512,163.59877318188012,0.0,0.013933333333333336,0.0,2.808093951169821,2.808093951169821
2021-01-18 12:12:00,149.08587792901344,164.08928814179342,0.0,0.013933333333333336,0.0,2.763971858888241,2.763971858888241
2021-01-18 12:15:00,148.81153479086166,164.4078458959389,0.0,0.013933333333333336,0.0,2.7278237494821016,2.7278237494821016
2021-01-18 12:18:00,148.6257338032835,164.35255464515535,0.0,0.013933333333333336,0.0,2.7034403614232154,2.7034403614232154
2021-01-18 12:21:00,148.5612545356905,163.72583676621448,0.0,0.013933333333333336,0.0,2.6949971032132165,2.6949971032132165
2021-01-18 12:24:00,148.64735307346675,162.32893495087305,0.0,0.013933333333333336,0.0,2.706273452492659,2.706273452492659
2021-01-18 12:27:00,148.90524028386218,160.96035144550194,0.0,0.013933333333333336,0.0,2.740151208995517,2.740151208995517
2021-01-18 12:30:00,149.3466603885107,160.7029989637157,0.0,0.013933333333333336,0.0,2.7984926067332165,2.7984926067332165
2021-01-18 12:33:00,149.97423885509622,160.03403410470864,0.0,0.013933333333333336,0.0,2.882198962595216,2.882198962595216
2021-01-18 12:36:00,150.7826836783202,159.08680654754625,0.0,0.013933333333333336,0.0,2.991327756135162,2.991327756135162
2021-01-18 12:39:00,151.76031113394345,157.9877553366551,0.0,0.013933333333333336,0.0,3.1252123396901617,3.1252123396901617
2021-01-18 12:42:00,152.89060359221406,156.85796615884993,0.0,0.013933333333333336,0.0,3.2825662840011995,3.2825662840011995
2021-01-18 12:45:00,154.15364904525993,155.81465544612036,0.0,0.013933333333333336,0.0,3.4615726559945523,3.4615726559945523
2021-01-18 12:48:00,155.52739534055442,154.97248859740623,0.0,0.013933333333333336,0.0,3.6599647858570075,3.6599647858570075
2021-01-18 12:51:00,156.98869933940972,154.4446980727232,0.0,0.013933333333333336,0.0,3.875104964281606,3.875104964281606
2021-01-18 12:54:00,158.5141765852751,154.34399926002595,0.0,0.013933333333333336,0.0,4.104064831081946,4.104064831081946
2021-01-18 12:57:00,160.08086947279926,154.76743660206105,0.0,0.013933333333333336,0.0,4.343708208656104,4.343708208656104
2021-01-18 13:00:00,161.66675685268723,155.71753606007434,0.0,0.013933333333333336,0.0,4.590774859313934,4.590774859313934
2021-01-18 13:03:00,163.25112883422153,157.0550784853444,0.0,0.013933333333333336,0.0,4.841962407665527,4.841962407665527
2021-01-18 13:06:00,164.8148492524083,158.6105714589844,0.0,0.013933333333333336,0.0,5.094003360256422,5.094003360256422
2021-01-18 13:09:00,166.34052600953,160.2162132393422,0.0,0.013933333333333336,0.0,5.343734500514808,5.343734500514808
2021-01-18 13:12:00,167.81260693075,161.72047823750782,0.0,0.013933333333333336,0.0,5.588156645461514,5.588156645461514
2021-01-18 13:15:00,169.21741623430327,163.0604999439975,0.0,0.013933333333333336,0.0,5.824483582651823,5.824483582651823
2021-01-18 13:18:00,170.54314437457614,164.30547217517966,0.0,0.013933333333333336,0.0,6.050179798535005,6.050179798535005
2021-01-18 13:21:00,171.77980193646056,165.555356451058,0.0,0.013933333333333336,0.0,6.262987271058532,6.262987271058532
2021-01-18 13:24:00,172.91914645334643,166.91188662470833,0.0,0.013933333333333336,0.0,6.460942093005969,6.460942093005969
2021-01-18 13:27:00,173.95458947390202,168.4669360334049,0.0,0.013933333333333336,0.0,6.642382017892475,6.642382017892475
2021-01-18 13:30:00,174.88108988795815,170.24468403406132,0.0,0.013933333333333336,0.0,6.805946197660761,6.805946197660761
2021-01-18 13:33:00,175.6950384098403,172.16686456419134,0.0,0.013933333333333336,0.0,6.95056844046198,6.95056844046198
2021-01-18 13:36:00,176.39413717989453,174.13347083483814,0.0,0.013933333333333336,0.0,7.075465288539248,7.075465288539248
2021-01-18 13:39:00,176.97727765604196,176.04572613554353,0.0,0.013933333333333336,0.0,7.18012012893227,7.18012012893227
2021-01-18 13:42:00,177.4444193046517,177.814569188009,0.0,0.013933333333333336,0.0,7.264264426878056,7.264264426878056
2021-01-18 13:45:00,177.79647104479585,179.40356970748167,0.0,0.013933333333333336,0.0,7.327857031581847,7.327857031581847
2021-01-18 13:48:00,178.03517693593534,180.8546336853363,0.0,0.013933333333333336,0.0,7.37106235969295,7.37106235969295
2021-01-18 13:51:00,178.1630072126853,182.2276434519214,0.0,0.013933333333333336,0.0,7.394228122332316,7.394228122332316
2021-01-18 13:54:00,178.18305545003685,183.5831387270972,0.0,0.013933333333333336,0.0,7.397863132502643,7.397863132502643
2021-01-18 13:57:00,178.09894237850682,184.96922654132203,0.0,0.013933333333333336,0.0,7.382615614241893,7.382615614241893
2021-01-18 14:00:00,177.91472665284124,186.3565313827753,0.0,0.013933333333333336,0.0,7.349252334217184,7.349252334217184
2021-01-18 14:03:00,177.634822702978,187.59913570739099,0.0,0.013933333333333336,0.0,7.298638790609939,7.298638790609939
2021-01-18 14:06:00,177.2639256558585,188.5254441143063,0.0,0.013933333333333336,0.0,7.231720622342932,7.231720622342932
2021-01-18 14:09:00,176.80694320607333,188.9640962220685,0.0,0.013933333333333336,0.0,7.149506342722724,7.149506342722724
2021-01-18 14:12:00,176.26893422766355,188.76951692264035,0.0,0.013933333333333336,0.0,7.053051453962437,7.053051453962437
2021-01-18 14:15:00,175.65505385472167,187.94992872295552,0.0,0.013933333333333336,0.0,6.943443961311858,6.943443961311858
2021-01-18 14:18:00,174.97050471132115,186.74414258121567,0.0,0.013933333333333336,0.0,6.821791276184647,6.821791276184647
2021-01-18 14:21:00,174.22049393879314,185.4422158450562,0.0,0.013933333333333336,0.0,6.689208475384247,6.689208475384247
2021-01-18 14:24:00,173.41019564791287,184.33418514650265,0.0,0.013933333333333336,0.0,6.546807867065574,6.546807867065574
2021-01-18 14:27:00,172.5447184129617,183.67870486491728,0.0,0.013933333333333336,0.0,6.395689802358557,6.395689802358557
2021-01-18 14:30:00,171.62907742200957,183.54638091584866,0.0,0.013933333333333336,0.0,6.236934663696701,6.236934663696701
2021-01-18 14:33:00,170.66817090151275,183.72576367082493,0.0,0.013933333333333336,0.0,6.07159595605843,6.07159595605843
2021-01-18 14:36:00,169.6667604420704,183.94261854974445,0.0,0.013933333333333336,0.0,5.9006944248800846,5.9006944248800846
2021-01-18 14:39:00,168.6294548647793,183.92256344988408,0.0,0.013933333333333336,0.0,5.725213123798094,5.725213123798094
2021-01-18 14:42:00,167.56069728308654,183.39105475538284,0.0,0.013933333333333336,0.0,5.546093356177806,5.546093356177806
2021-01-18 14:45:00,166.46475503255974,182.0733763231824,0.0,0.013933333333333336,0.0,5.364231416226053,5.364231416226053
2021-01-18 14:48:00,165.34571215988652,179.6946311303886,0.0,0.013933333333333336,0.0,5.1804760580749845,5.1804760580749845
2021-01-18 14:51:00,164.20746418213193,175.97973528748116,0.0,0.013933333333333336,0.0,4.995626624337613,4.995626624337613
2021-01-18 14:54:00,163.05371484735912,170.6534141417718,0.0,0.013933333333333336,0.0,4.810431769083928,4.810431769083928
2021-01-18 14:57:00,161.88797464779864,166.7158727506486,0.0,0.013933333333333336,0.0,4.625588713836927,4.625588713836927
2021-01-18 15:00:00,160.71356085653383,167.878649092758,0.0,0.013933333333333336,0.0,4.441742978924592,4.441742978924592
2021-01-18 15:03:00,159.53359887793457,168.81663873731196,0.0,0.013933333333333336,0.0,4.2594885362710215,4.2594885362710215
2021-01-18 15:06:00,158.35102472063824,169.49092235264575,0.0,0.013933333333333336,0.0,4.0793683334013515,4.0793683334013515
2021-01-18 15:09:00,157.1685884196219,169.8623934577289,0.0,0.013933333333333336,0.0,3.9018751420315025,3.9018751420315025
2021-01-18 15:12:00,155.9888582507402,169.89176237834067,0.0,0.013933333333333336,0.0,3.7274526880813914,3.7274526880813914
2021-01-18 15:15:00,154.81422559695937,169.53956090127744,0.0,0.013933333333333336,0.0,3.5564970232682063,3.5564970232682063
2021-01-18 15:18:00,153.64691034036872,168.76614749576018,0.0,0.013933333333333336,0.0,3.38935810159731,3.38935810159731
2021-01-18 15:21:00,152.48896666788124,167.5317129853818,0.0,0.013933333333333336,0.0,3.2263415270578117,3.2263415270578117
2021-01-18 15:24:00,151.34228919135046,165.79628656708718,0.0,0.013933333333333336,0.0,3.067710441655179,3.067710441655179
2021-01-18 15:27:00,150.20861929465002,163.5384956551031,0.0,0.013933333333333336,0.0,2.913687525568736,2.913687525568736
2021-01-18 15:30:00,149.08955163111236,160.84934017745377,0.0,0.013933333333333336,0.0,2.764457083717576,2.764457083717576
2021-01-18 15:33:00,147.98654070464093,157.98845983946464,0.0,0.013933333333333336,0.0,2.620167195355962,2.620167195355962
2021-01-18 15:36:00,146.90090747683774,155.25286573943316,0.0,0.013933333333333336,0.0,2.4809319055084753,2.4809319055084753
2021-01-18 15:39:00,145.83384595067216,152.93943982339596,0.0,0.013933333333333336,0.0,2.346833439102623,2.346833439102623
2021-01-18 15:42:00,144.78642968860373,151.30969120388133,0.0,0.013933333333333336,0.0,2.2179244205703923,2.2179244205703923
2021-01-18 15:45:00,143.7596182297172,150.41351149815478,0.0,0.013933333333333336,0.0,2.0942300834786898,2.0942300834786898
2021-01-18 15:48:00,142.75426337637313,149.98343049113618,0.0,0.013933333333333336,0.0,1.9757504564185981,1.9757504564185981
2021-01-18 15:51:00,141.7711153261854,149.68137387922874,0.0,0.013933333333333336,0.0,1.8624625129445416,1.8624625129445416
2021-01-18 15:54:00,140.810828629843,149.16916973245384,0.0,0.013933333333333336,0.0,1.7543222748105287,1.7543222748105287
2021-01-18 15:57:00,139.8739679594582,148.14767055654633,0.0,0.013933333333333336,0.0,1.6512668591122326,1.6512668591122326
2021-01-18 16:00:00,138.9610136757819,146.55234007777437,5.0,0.013933333333333336,0.0,1.5532164612125732,1.5532164612125732
2021-01-18 16:03:00,138.0723987532437,144.67063559315392,0.0,0.152825,0.0,1.460079534283627,1.460079534283627
2021-01-18 16:06:00,137.20962056907868,142.86891846883526,0.0,0.013933333333333336,0.0,1.3718659471147376,1.3718659471147376
2021-01-18 16:09:00,136.37851776584853,141.51659057053195,0.0,0.013933333333333336,0.0,1.2889964687500512,1.2889964687500512
2021-01-18 16:12:00,135.58878378683062,140.94959488205575,0.0,0.013933333333333336,0.0,1.2122034884065522,1.2122034884065522
2021-01-18 16:15:00,134.85062210230615,141.27885930416144,0.0,0.013933333333333336,0.0,1.142176708075966,1.142176708075966
2021-01-18 16:18:00,134.17270656046804,142.2743436479696,0.0,0.013933333333333336,0.0,1.0793818171027099,1.0793818171027099
2021-01-18 16:21:00,133.56134326794378,143.62831137164102,0.0,0.013933333333333336,0.0,1.0240167091124288,1.0240167091124288
2021-01-18 16:24:00,133.02029634322835,145.0305190356387,0.0,0.013933333333333336,0.0,0.9760346419250936,0.9760346419250936
2021-01-18 16:27:00,132.55095931743995,146.21618600716104,0.0,0.013933333333333336,0.0,0.9351940755143657,0.9351940755143657
2021-01-18 16:30:00,132.1526869179396,147.20579124173835,0.0,0.013933333333333336,0.0,0.9011135544884838,0.9011135544884838
2021-01-18 16:33:00,131.8231812945536,148.44915224312487,0.0,0.013933333333333336,0.0,0.8733211226106069,0.8733211226106069
2021-01-18 16:36:00,131.55887454633032,150.49049408229436,0.0,0.013933333333333336,0.0,0.8512942072580973,0.8512942072580973
2021-01-18 16:39:00,131.3552779818237,153.87300596946454,0.0,0.013933333333333336,0.0,0.8344894207027377,0.8344894207027377
2021-01-18 16:42:00,131.20728531342158,159.03042839928938,0.0,0.013933333333333336,0.0,0.822363425004661,0.822363425004661
2021-01-18 16:45:00,131.1094265281609,165.7436644177745,0.0,0.013933333333333336,0.0,0.8143866439105278,0.8143866439105278
2021-01-18 16:48:00,131.0560743394198,172.8148063105752,0.0,0.013933333333333336,0.0,0.8100516597505824,0.8100516597505824
2021-01-18 16:51:00,131.04160767005587,178.8284360218392,0.0,0.013933333333333336,0.0,0.8088779060507928,0.8088779060507928
2021-01-18 16:54:00,131.06053763615466,182.36922708306662,0.0,0.013933333333333336,0.0,0.8104139355386502,0.8104139355386502
2021-01-18 16:57:00,131.10760165747655,182.16607007460578,0.0,0.013933333333333336,0.0,0.8142382066990319,0.8142382066990319
2021-01-18 17:00:00,131.17783101876734,177.8122535284701,0.0,0.013933333333333336,0.0,0.8199590379425374,0.8199590379425374
2021-01-18 17:03:00,131.26659668503228,170.19757962820432,0.0,0.013933333333333336,0.0,0.8272141445069714,0.8272141445069714
2021-01-18 17:06:00,131.3696375728116,160.5002516061075,0.0,0.013933333333333336,0.0,0.8356700003059908,0.8356700003059908
2021-01-18 17:09:00,131.48307487618482,149.89885070860618,0.0,0.013933333333333336,0.0,0.8450211476382494,0.8450211476382494
2021-01-18 17:12:00,131.60341548137228,139.5723431361256,0.0,0.013933333333333336,0.0,0.8549895013874441,0.8549895013874441
2021-01-18 17:15:00,131.72754699615408,130.70007777453526,0.0,0.013933333333333336,0.0,0.8653236502499204,0.8653236502499204
2021-01-18 17:18:00,131.85272647599498,124.46177694577554,0.0,0.013933333333333336,0.0,0.8757981360162521,0.8757981360162521
2021-01-18 17:21:00,131.97656454685156,122.03752200260956,0.0,0.013933333333333336,0.0,0.8862126851955996,0.8862126851955996
2021-01-18 17:24:00,132.09700630066828,124.6077352493417,0.0,0.013933333333333336,0.0,0.896391369370796,0.896391369370796
2021-01-18 17:27:00,132.21231006744827,128.63957098423384,0.0,0.013933333333333336,0.0,0.9061816773449832,0.9061816773449832
2021-01-18 17:30:00,132.3210249409816,127.94380435273501,0.0,0.013933333333333336,0.0,0.9154534905145452,0.9154534905145452
2021-01-18 17:33:00,132.42196774738548,127.42347195006447,0.0,0.013933333333333336,0.0,0.9240979611634805,0.9240979611634805
2021-01-18 17:36:00,132.51419999040945,127.08383741088844,0.0,0.013933333333333336,0.0,0.9320263004771216,0.9320263004771216
2021-01-18 17:39:00,132.597005178787,126.93039391739279,0.0,0.013933333333333336,0.0,0.9391684884556877,0.9391684884556877
2021-01-18 17:42:00,132.6698668313549,126.96884196756898,0.0,0.013933333333333336,0.0,0.945471921204051,0.945471921204051
2021-01-18 17:45:00,132.73244735319366,127.20506795367382,0.0,0.013933333333333336,0.0,0.9509000116715794,0.9509000116715794
2021-01-18 17:48:00,132.78456785535678,127.64512366401637,0.0,0.013933333333333336,0.0,0.9554307561085023,0.9554307561085023
2021-01-18 17:51:00,132.82618879142515,128.29520664987012,0.0,0.013933333333333336,0.0,0.9590552655189497,0.9590552655189497
2021-01-18 17:54:00,132.8573908579608,129.1616410531431,0.0,0.013933333333333336,0.0,0.9617762267591002,0.9617762267591002
2021-01-18 17:57:00,132.87835459570834,130.24678380600852,0.0,0.013933333333333336,0.0,0.963606170928859,0.963606170928859
2021-01-18 18:00:00,132.88933470676736,131.52863142918065,26.666666666666668,0.013933333333333336,0.0,0.9645652157441276,0.9645652157441276
2021-01-18 18:03:00,132.89067197683903,132.94860711333422,0.0,0.754675,0.0,0.9646820452808762,0.9646820452808762
2021-01-18 18:06:00,132.88401324383344,134.44085799235324,0.0,0.013933333333333336,0.0,0.9641003690130765,0.9641003690130765
2021-01-18 18:09:00,132.87661135596076,135.94349505244324,0.0,0.013933333333333336,0.0,0.9634539464306924,0.9634539464306924
2021-01-18 18:12:00,132.88472614112786,137.3931347146194,0.0,0.013933333333333336,0.0,0.9641626374235924,0.9641626374235924
2021-01-18 18:15:00,132.93372857296373,138.6787851706058,0.0,0.013933333333333336,0.0,0.968446813014336,0.968446813014336
2021-01-18 18:18:00,133.05681915782674,139.612509272715,0.0,0.013933333333333336,0.0,0.9792433562596015,0.9792433562596015
2021-01-18 18:21:00,133.29279054515456,139.99376460683047,0.0,0.013933333333333336,0.0,1.0000804748145067,1.0000804748145067
2021-01-18 18:24:00,133.68072243790525,139.62425631066492,0.0,0.013933333333333336,0.0,1.034732563925059,1.034732563925059
2021-01-18 18:27:00,134.25330463604206,138.34291986734834,0.0,0.013933333333333336,0.0,1.0867707156124844,1.0867707156124844
2021-01-18 18:30:00,135.03329918572297,136.22791652778605,0.0,0.013933333333333336,0.0,1.1593474042164211,1.1593474042164211
2021-01-18 18:33:00,136.03277503386875,133.7190744009134,0.0,0.013933333333333336,0.0,1.2551405880129587,1.2551405880129587
2021-01-18 18:36:00,137.25383305160005,131.3286722733493,0.0,0.013933333333333336,0.0,1.3763326314800184,1.3763326314800184
2021-01-18 18:39:00,138.69003168855667,129.55994772922446,0.0,0.013933333333333336,0.0,1.524571886517643,1.524571886517643
2021-01-18 18:42:00,140.32805616801875,128.8695951322622,0.0,0.013933333333333336,0.0,1.7009118033833424,1.7009118033833424
2021-01-18 18:45:00,142.14937815609184,129.47390709708128,0.0,0.013933333333333336,0.0,1.9057446413264971,1.9057446413264971
2021-01-18 18:48:00,144.1317759551754,131.2330275272448,0.0,0.013933333333333336,0.0,2.138751511790581,2.138751511790581
2021-01-18 18:51:00,146.25065792891826,133.92608475680308,0.0,0.013933333333333336,0.0,2.398885236906279,2.398885236906279
2021-01-18 18:54:00,148.48017339196312,137.3305857993232,0.0,0.013933333333333336,0.0,2.6843935489097315,2.6843935489097315
2021-01-18 18:57:00,150.79411778153343,141.22515997810876,0.0,0.013933333333333336,0.0,2.9928815743906494,2.9928815743906494
2021-01-18 19:00:00,153.16665019040227,145.39918938172102,0.0,0.013933333333333336,0.0,3.3214063851144395,3.3214063851144395
2021-01-18 19:03:00,155.5728459983766,149.65872625014066,0.0,0.013933333333333336,0.0,3.6665931729106394,3.6665931729106394
2021-01-18 19:06:00,157.98910827477368,153.81455903433599,0.0,0.013933333333333336,0.0,4.024761930844219,4.024761930844219
2021-01-18 19:09:00,160.393460572672,157.67900344571768,0.0,0.013933333333333336,0.0,4.392054624939935,4.392054624939935
2021-01-18 19:12:00,162.76574172155097,161.0865258812778,0.0,0.013933333333333336,0.0,4.764554917194161,4.764554917194161
2021-01-18 19:15:00,165.0877208379576,163.9958680064944,0.0,0.013933333333333336,0.0,5.138394900303029,5.138394900303029
2021-01-18 19:18:00,167.34314834118655,166.55130871101275,0.0,0.013933333333333336,0.0,5.509845586835595,5.509845586835595
2021-01-18 19:21:00,169.51775645387747,168.93990383614528,0.0,0.013933333333333336,0.0,5.875389816208721,5.875389816208721
2021-01-18 19:24:00,171.5992205664438,171.35066670407627,0.0,0.013933333333333336,0.0,6.2317777076977,6.2317777076977
2021-01-18 19:27:00,173.57709097848456,173.9542262085945,0.0,0.013933333333333336,0.0,6.576065801149646,6.576065801149646
2021-01-18 19:30:00,175.44270290088616,176.8013279003496,0.0,0.013933333333333336,0.0,6.905641647581485,6.905641647581485
2021-01-18 19:33:00,177.18907119592362,179.76188405216027,0.0,0.013933333333333336,0.0,7.218235920155291,7.218235920155291
2021-01-18 19:36:00,178.81077512947655,182.66684376897842,0.0,0.013933333333333336,0.0,7.5119241947506445,7.5119241947506445
2021-01-18 19:39:00,180.30383738743683,185.3486401092585,0.0,0.013933333333333336,0.0,7.78512047199015,7.78512047199015
2021-01-18 19:42:00,181.66560074555844,187.6410674125682,0.0,0.013933333333333336,0.0,8.036564338877477,8.036564338877477
2021-01-18 19:45:00,182.89460505774693,189.37915808397824,0.0,0.013933333333333336,0.0,8.265303443511465,8.265303443511465
2021-01-18 19:48:00,183.99046662324892,190.3990610927882,0.0,0.013933333333333336,0.0,8.470672712950766,8.470672712950766
2021-01-18 19:51:00,184.95376149152577,190.53792390780177,0.0,0.013933333333333336,0.0,8.652271503805064,8.652271503805064
2021-01-18 19:54:00,185.78591384983764,189.6337791488583,0.0,0.013933333333333336,0.0,8.80993965079961,8.80993965079961
2021-01-18 19:57:00,186.4890902996566,188.48026318057666,0.0,0.013933333333333336,0.0,8.943733177631612,8.943733177631612
2021-01-18 20:00:00,187.06610055254504,188.37757882758854,0.0,0.013933333333333336,0.0,9.053900259913458,9.053900259913458
2021-01-18 20:03:00,187.52030485419957,188.31951381539722,0.0,0.013933333333333336,0.0,9.140857882125848,9.140857882125848
2021-01-18 20:06:00,187.85552826841794,188.30140504665775,0.0,0.013933333333333336,0.0,9.205169507824355,9.205169507824355
2021-01-18 20:09:00,188.07598181345526,188.31900141174003,0.0,0.013933333333333336,0.0,9.247523982472995,9.247523982472995
2021-01-18 20:12:00,188.1861903352915,188.36838942084012,0.0,0.013933333333333336,0.0,9.268715808411903,9.268715808411903
2021-01-18 20:15:00,188.19092692035807,188.445925444368,0.0,0.013933333333333336,0.0,9.26962686872787,9.26962686872787
2021-01-18 20:18:00,188.0951535896894,188.54817432298455,0.0,0.013933333333333336,0.0,9.251209628434761,9.251209628434761
2021-01-18 20:21:00,187.90396797339113,188.6718540598943,0.0,0.013933333333333336,0.0,9.214471804874357,9.214471804874357
2021-01-18 20:24:00,187.6225556354738,188.8137862745337,0.0,0.013933333333333336,0.0,9.1604624724058,9.1604624724058
2021-01-18 20:27:00,187.256147701727,188.96800447738914,0.0,0.013933333333333336,0.0,9.090259547347785,9.090259547347785
2021-01-18 20:30:00,186.80998343509083,189.11147701787075,0.0,0.013933333333333336,0.0,9.004958586163701,9.004958586163701
2021-01-18 20:33:00,186.28927740198796,189.19552993863945,0.0,0.013933333333333336,0.0,8.905662821685846,8.905662821685846
2021-01-18 20:36:00,185.69919087770614,189.16575016921706,0.0,0.013933333333333336,0.0,8.793474357662337,8.793474357662337
2021-01-18 20:39:00,185.04480714783688,188.96765473809032,0.0,0.013933333333333336,0.0,8.669486440179519,8.669486440179519
2021-01-18 20:42:00,184.33111037489303,188.55391863245285,0.0,0.013933333333333336,0.0,8.534776724847063,8.534776724847063
2021-01-18 20:45:00,183.56296771364777,187.92060668859864,0.0,0.013933333333333336,0.0,8.390401460458044,8.390401460458044
2021-01-18 20:48:00,182.74511437473618,187.128908191642,0.0,0.013933333333333336,0.0,8.23739051270821,8.23739051270821
2021-01-18 20:51:00,181.88214135305316,186.25437254143162,0.0,0.013933333333333336,0.0,8.076743155121743,8.076743155121743
2021-01-18 20:54:00,180.97848555499343,185.37239825153563,0.0,0.013933333333333336,0.0,7.9094245583227405,7.9094245583227405
2021-01-18 20:57:00,180.03842207624814,184.5462457688137,0.0,0.013933333333333336,0.0,7.736362913005925,7.736362913005925
2021-01-18 21:00:00,179.06605839939974,183.76713728679093,0.0,0.013933333333333336,0.0,7.558447126246164,7.558447126246164
2021-01-18 21:03:00,178.06533029772623,182.91831583693246,0.0,0.013933333333333336,0.0,7.376525035035848,7.376525035035848
2021-01-18 21:06:00,177.03999924826445,181.85889345987377,0.0,0.013933333333333336,0.0,7.191402085069292,7.191402085069292
2021-01-18 21:09:00,175.99365117317106,180.44780701184447,0.0,0.013933333333333336,0.0,7.003840426756694,7.003840426756694
2021-01-18 21:12:00,174.92969634367023,178.56732299564175,0.0,0.013933333333333336,0.0,6.814558384208142,6.814558384208142
2021-01-18 21:15:00,173.8513702953333,176.24056468651457,0.0,0.013933333333333336,0.0,6.624230256461408,6.624230256461408
2021-01-18 21:18:00,172.76173561706602,173.70202956027703,0.0,0.013933333333333336,0.0,6.433486413530486,6.433486413530486
2021-01-18 21:21:00,171.66368448896597,171.23305442719138,0.0,0.013933333333333336,0.0,6.242913652919806,6.242913652919806
2021-01-18 21:24:00,170.5599418561641,169.11480778114128,0.0,0.013933333333333336,0.0,6.053055785090398,6.053055785090398
2021-01-18 21:27:00,169.45306913688194,167.59790562093386,0.0,0.013933333333333336,0.0,5.8644144189854295,5.8644144189854295
2021-01-18 21:30:00,168.3454683732534,166.75047689468755,0.0,0.013933333333333336,0.0,5.677449921138087,5.677449921138087
2021-01-18 21:33:00,167.23938674299472,166.36700475691052,0.0,0.013933333333333336,0.0,5.492582524104828,5.492582524104828
2021-01-18 21:36:00,166.13692135879617,166.18104526180582,0.0,0.013933333333333336,0.0,5.310193562008518,5.310193562008518
2021-01-18 21:39:00,165.04002429038923,165.92600773840778,0.0,0.013933333333333336,0.0,5.130626812852723,5.130626812852723
2021-01-18 21:42:00,163.9505077516456,165.36269255643217,0.0,0.013933333333333336,0.0,4.954189928992569,4.954189928992569
2021-01-18 21:45:00,162.87004940180688,164.41695954950237,0.0,0.013933333333333336,0.0,4.781155938732139,4.781155938732139
2021-01-18 21:48:00,161.80019771596096,163.26233125909295,0.0,0.013933333333333336,0.0,4.611764803457386,4.611764803457386
2021-01-18 21:51:00,160.74237738478345,162.12726990454854,0.0,0.013933333333333336,0.0,4.446225015958751,4.446225015958751
2021-01-18 21:54:00,159.69789470575998,161.2401175152064,0.0,0.013933333333333336,0.0,4.2847152264162265,4.2847152264162265
2021-01-18 21:57:00,158.66794292182666,160.8096452062424,0.0,0.013933333333333336,0.0,4.1273858820863145,4.1273858820863145
2021-01-18 22:00:00,157.65360742913316,160.92777802362815,0.0,0.013933333333333336,0.0,3.974360862278981,3.974360862278981
2021-01-18 22:03:00,156.65587065136918,161.51123168950184,0.0,0.013933333333333336,0.0,3.825739073089136,3.825739073089136
2021-01-18 22:06:00,155.67561597652977,162.43770943845283,0.0,0.013933333333333336,0.0,3.6815959109214718,3.6815959109214718
2021-01-18 22:09:00,154.71362893794313,163.58481632749232,0.0,0.013933333333333336,0.0,3.541984338293931,3.541984338293931
2021-01-18 22:12:00,153.77059035387967,164.8300551987174,0.0,0.013933333333333336,0.0,3.4069348503446446,3.4069348503446446
2021-01-18 22:15:00,152.84704684305848,166.05080515181004,0.0,0.013933333333333336,0.0,3.2764523871715157,3.2764523871715157
2021-01-18 22:18:00,151.9433214655583,167.1242533014263,0.0,0.013933333333333336,0.0,3.1505053326520063,3.1505053326520063
2021-01-18 22:21:00,151.05928219070486,167.92721364996518,0.0,0.013933333333333336,0.0,3.0289961575818207,3.0289961575818207
2021-01-18 22:24:00,150.19384257301996,168.33572339964738,0.0,0.013933333333333336,0.0,2.9116986792328303,2.9116986792328303
2021-01-18 22:27:00,149.34419788612348,167.89009903509606,0.0,0.013933333333333336,0.0,2.798165912258777,2.798165912258777
2021-01-18 22:30:00,148.50535438185685,166.31836777704518,0.0,0.013933333333333336,0.0,2.6876850164660873,2.6876850164660873
2021-01-18 22:33:00,147.67090515601092,164.58497026609444,0.0,0.013933333333333336,0.0,2.579398609437268,2.579398609437268
2021-01-18 22:36:00,146.8349822580008,162.69728720054383,0.0,0.013933333333333336,0.0,2.4725671930529023,2.4725671930529023
2021-01-18 22:39:00,145.99403369281188,160.6644383634212,0.0,0.013933333333333336,0.0,2.3667875220203216,2.3667875220203216
2021-01-18 22:42:00,145.14749167207432,158.49835494859312,0.0,0.013933333333333336,0.0,2.2620530843310718,2.2620530843310718
2021-01-18 22:45:00,144.29746199286225,156.21378272941985,0.0,0.013933333333333336,0.0,2.1586865619924063,2.1586865619924063
2021-01-18 22:48:00,143.44795320379671,153.82764244509454,0.0,0.013933333333333336,0.0,2.057219683302568,2.057219683302568
2021-01-18 22:51:00,142.60404359205853,151.35820288888183,0.0,0.013933333333333336,0.0,1.9582744372868035,1.9582744372868035
2021-01-18 22:54:00,141.77118089025592,148.82432985868806,0.0,0.013933333333333336,0.0,1.8624699817071684,1.8624699817071684
2021-01-18 22:57:00,140.95467298824101,146.25220838305958,0.0,0.013933333333333336,0.0,1.770360600574907,1.770360600574907
2021-01-18 23:00:00,140.159360036671,143.71143908754695,3.3333333333333335,0.013933333333333336,0.0,1.6824011054554844,1.6824011054554844
2021-01-18 23:03:00,139.39180723707798,141.33845459139496,0.0,0.10652500000000004,0.0,1.5991879378707181,1.5991879378707181
2021-01-18 23:06:00,138.67197839783265,139.29231847873922,0.0,0.013933333333333336,0.0,1.5226710635210152,1.5226710635210152
2021-01-18 23:09:00,138.02077450032277,137.73988908169207,0.0,0.013933333333333336,0.0,1.4547394445302868,1.4547394445302868
2021-01-18 23:12:00,137.44984785524747,136.82166502278213,0.0,0.013933333333333336,0.0,1.3962058369021175,1.3962058369021175
2021-01-18 23:15:00,136.96411736230465,136.55564775941855,0.0,0.013933333333333336,0.0,1.3471698935043916,1.3471698935043916
2021-01-18 23:18:00,136.56392689202465,136.78240644670615,0.0,0.013933333333333336,0.0,1.3073025128722504,1.3073025128722504
2021-01-18 23:21:00,136.24657746188794,137.30071946026587,0.0,0.013933333333333336,0.0,1.2760334056995737,1.2760334056995737
2021-01-18 23:24:00,136.00740942731423,137.9070600939794,0.0,0.013933333333333336,0.0,1.252671169016181,1.252671169016181
2021-01-18 23:27:00,135.8405651304749,138.4089473284815,0.0,0.013933333333333336,0.0,1.2364777561221683,1.2364777561221683
2021-01-18 23:30:00,135.73952547825547,138.6879862386927,0.0,0.013933333333333336,0.0,1.226712925759243,1.226712925759243
2021-01-18 23:33:00,135.69748622071745,138.7377544444168,0.0,0.013933333333333336,0.0,1.222659409471976,1.222659409471976
2021-01-18 23:36:00,135.70762008481904,138.5766960315721,0.0,0.013933333333333336,0.0,1.2236360378175468,1.2236360378175468
2021-01-18 23:39:00,135.76325722785677,138.22335531943955,0.0,0.013933333333333336,0.0,1.2290036089806398,1.2290036089806398
2021-01-18 23:42:00,135.8580069516135,137.70196628806903,0.0,0.013933333333333336,0.0,1.2381665890565965,1.2381665890565965
2021-01-18 23:45:00,135.9858369876992,137.0697902254035,0.0,0.013933333333333336,0.0,1.2505725839830824,1.2505725839830824
2021-01-18 23:48:00,136.14112203411463,136.43352097595368,0.0,0.013933333333333336,0.0,1.2657107570504211,1.2657107570504211
2021-01-18 23:51:00,136.31866997397324,135.91117556237674,0.0,0.013933333333333336,0.0,1.283109865853691,1.283109865853691
2021-01-18 23:54:00,136.5137319132155,135.62121147128028,0.0,0.013933333333333336,0.0,1.3023362746956824,1.3023362746956824
2021-01-18 23:57:00,136.72200054198757,135.66437919831935,0.0,0.013933333333333336,0.0,1.322992103594405,1.322992103594405
2021-01-19 00:00:00,136.93960015289267,136.03296720148924,,,0.0,1.344713561713962,1.344713561713962
